Time,Stock,Strategy,Side,Qty,Entry,Exit,Reason,Gross_INR,Kotak_Friction_INR,Net_PnL_INR,Max_DD_INR
2026-09-24 10:17:27,HDFCBANK.NS,AMTE,LONG,124,730.04,728.02,Stop Market,-249.77,32.43,-282.2,-322.39
2026-09-24 10:21:54,HDFCBANK.NS,AMTE,LONG,124,730.04,728.02,Stop Market,-249.77,32.43,-282.2,-297.59
2026-09-24 10:25:14,HDFCBANK.NS,AMTE,LONG,124,730.04,728.02,Stop Market,-249.77,32.43,-282.2,-458.75
2026-09-24 10:28:35,HDFCBANK.NS,AMTE,LONG,124,730.04,728.02,Stop Market,-249.77,32.43,-282.2,-502.13
2026-09-24 10:31:56,HDFCBANK.NS,AMTE,LONG,124,730.04,728.02,Stop Market,-249.77,32.43,-282.2,-390.56
2026-09-24 11:16:00,HDFCBANK.NS,AMTE,LONG,118,728.53,732.77,Limit TP,499.82,31.01,468.8,-223.44
2026-09-24 13:46:29,TCS.NS,AMTE,SHORT,36,2092.64,2078.9,Limit TP,494.75,27.02,467.73,-165.96
2026-09-25 14:31:21,RELIANCE.NS,AMTE,SHORT,99,1222.81,1225.33,Stop Market,-249.62,43.48,-293.11,-339.43
2026-09-25 14:34:42,RELIANCE.NS,AMTE,SHORT,101,1223.13,1225.6,Stop Market,-249.61,44.37,-293.99,-324.21
2026-09-25 14:38:04,RELIANCE.NS,AMTE,SHORT,101,1223.13,1225.6,Stop Market,-249.61,44.37,-293.99,-324.21
2026-09-25 15:15:34,RELIANCE.NS,AMTE,SHORT,101,1223.13,1224.7,EOD Square-Off,-158.63,44.37,-202.99,-283.81
2026-09-25 15:15:43,TCS.NS,AMTE,SHORT,23,2086.35,2080.5,EOD Square-Off,134.49,17.22,117.27,-98.94
2026-09-25 15:15:47,SBIN.NS,AMTE,SHORT,141,982.36,982.0,EOD Square-Off,51.27,49.73,1.54,-40.76
2026-09-28 13:17:34,INFY.NS,AMTE,SHORT,73,1001.38,1004.8,Stop Market,-249.77,26.26,-276.03,-283.23
2026-09-28 13:22:02,INFY.NS,AMTE,SHORT,84,1002.25,1005.22,Stop Market,-249.6,30.25,-279.85,-320.22
2026-09-28 13:25:23,INFY.NS,AMTE,SHORT,84,1002.25,1005.22,Stop Market,-249.6,30.25,-279.85,-345.42
2026-09-28 13:29:50,INFY.NS,AMTE,SHORT,84,1002.25,1005.22,Stop Market,-249.6,30.25,-279.85,-286.62
2026-09-28 13:38:42,INFY.NS,AMTE,SHORT,81,1003.4,1006.45,Stop Market,-247.05,29.2,-276.25,-280.43
2026-09-28 13:42:03,INFY.NS,AMTE,SHORT,81,1003.4,1006.45,Stop Market,-247.05,29.2,-276.25,-442.44
2026-09-28 13:45:24,INFY.NS,AMTE,SHORT,81,1003.4,1006.45,Stop Market,-247.05,29.2,-276.25,-329.03
2026-09-28 14:11:54,INFY.NS,AMTE,SHORT,75,1004.8,1008.09,Stop Market,-246.97,27.08,-274.04,-349.79
2026-09-29 12:32:48,SBIN.NS,AMTE,SHORT,79,962.43,956.13,Limit TP,497.7,27.27,470.43,-1.44
2026-09-29 15:07:16,SBIN.NS,AMTE,SHORT,74,962.19,965.54,Stop Market,-247.9,25.58,-273.48,-277.96
2026-09-29 15:10:37,SBIN.NS,AMTE,SHORT,81,961.62,964.71,Stop Market,-249.94,27.99,-277.93,-390.67
2026-09-29 15:15:04,SBIN.NS,AMTE,SHORT,81,961.62,964.71,Stop Market,-249.94,27.99,-277.93,-301.56
2026-09-29 15:16:11,HDFCBANK.NS,AMTE,SHORT,124,713.54,715.4,EOD Square-Off,-231.16,31.79,-262.94,-275.34
2026-09-30 10:20:44,INFY.NS,AMTE,SHORT,35,1014.4,1021.42,Stop Market,-245.75,12.77,-258.51,-299.92
2026-09-30 10:24:05,INFY.NS,AMTE,SHORT,35,1014.4,1021.42,Stop Market,-245.75,12.77,-258.51,-285.92
2026-09-30 10:26:21,TCS.NS,AMTE,SHORT,21,2086.22,2097.6,Stop Market,-238.8,15.75,-254.55,-279.84
2026-09-30 10:27:27,INFY.NS,AMTE,SHORT,35,1014.4,1021.42,Stop Market,-245.75,12.77,-258.51,-285.92
2026-09-30 10:29:45,TCS.NS,AMTE,SHORT,21,2086.22,2097.6,Stop Market,-238.8,15.75,-254.55,-260.94
2026-09-30 10:30:51,INFY.NS,AMTE,SHORT,35,1014.4,1021.42,Stop Market,-245.75,12.77,-258.51,-275.42
2026-09-30 10:48:48,SBIN.NS,AMTE,SHORT,76,967.89,971.16,Stop Market,-248.63,26.43,-275.06,-293.19
2026-09-30 12:41:16,SBIN.NS,AMTE,SHORT,75,968.83,972.15,Stop Market,-248.57,26.11,-274.68,-323.78
2026-09-30 13:05:30,INFY.NS,AMTE,SHORT,35,1017.96,1003.86,Limit TP,493.5,12.76,480.74,-66.78
2026-09-30 13:33:05,TCS.NS,AMTE,SHORT,21,2090.36,2070.5,Timeout,416.99,15.73,401.26,-167.88
